Id,date,weight_kg_rounded,sleep_minutes,total_time_in_bed,time_in_bed_not_sleeping,TotalSteps,total_distance_rounded_km,Calories,VeryActiveMinutes,FairlyActiveMinutes,LightlyActiveMinutes,SedentaryMinutes,activity_level_steps
8877689391,2016-04-12,85.8,,,,23186,20.4,3921,85,7,312,1036,Extremely High Activity
8877689391,2016-04-13,84.9,,,,15337,9.58,3566,108,18,216,1098,Extremely High Activity
8877689391,2016-04-14,84.5,,,,21129,18.98,3793,68,13,298,1061,Extremely High Activity
8877689391,2016-04-15,,,,,13422,7.17,3934,106,1,281,1052,Extremely High Activity
8877689391,2016-04-16,85.5,,,,29326,25.29,4547,94,29,429,888,Extremely High Activity
8877689391,2016-04-17,,,,,15118,8.87,3545,58,15,307,1060,Extremely High Activity
8877689391,2016-04-18,85.8,,,,11423,8.67,2761,29,5,191,1215,High Activity
8877689391,2016-04-19,85.3,,,,18785,17.4,3676,82,13,214,1131,Extremely High Activity
8877689391,2016-04-20,84.9,,,,19948,18.11,3679,73,19,225,1123,Extremely High Activity
8877689391,2016-04-21,84.5,,,,19377,17.62,3659,82,13,226,1119,Extremely High Activity
8877689391,2016-04-22,,,,,18258,16.31,3427,61,2,236,1141,Extremely High Activity
8877689391,2016-04-23,85.5,,,,11200,7.43,3891,102,6,300,1032,High Activity
8877689391,2016-04-24,85.5,,,,16674,15.74,3455,64,1,227,1148,Extremely High Activity
8877689391,2016-04-25,85.4,,,,12986,8.74,3802,113,8,218,1101,Extremely High Activity
8877689391,2016-04-26,85.1,,,,11101,8.43,2860,22,3,258,1157,High Activity
8877689391,2016-04-27,85.4,,,,23629,20.65,3808,93,8,235,1104,Extremely High Activity
8877689391,2016-04-28,85.1,,,,14890,11.3,3060,58,8,231,1143,Extremely High Activity
8877689391,2016-04-29,84.9,,,,9733,7.39,2698,18,5,210,1207,High Activity
8877689391,2016-04-30,85.5,,,,27745,26.72,4398,124,4,223,1089,Extremely High Activity
8877689391,2016-05-01,85.3,,,,10930,8.32,2786,36,12,166,1226,High Activity
8877689391,2016-05-02,,,,,4790,3.64,2189,0,0,105,1335,Low Activity
8877689391,2016-05-03,84.9,,,,10818,8.21,2817,19,3,229,1189,High Activity
8877689391,2016-05-04,84.4,,,,18193,16.3,3477,66,8,212,1154,Extremely High Activity
8877689391,2016-05-05,,,,,14055,10.67,3052,67,15,188,1170,Extremely High Activity
8877689391,2016-05-06,85.0,,,,21727,19.34,4015,96,17,232,1095,Extremely High Activity
8877689391,2016-05-07,,,,,12332,8.13,4142,105,28,271,1036,Extremely High Activity
8877689391,2016-05-08,85.4,,,,10686,8.11,2847,17,4,245,1174,High Activity
8877689391,2016-05-09,85.5,,,,20226,18.25,3710,73,19,217,1131,Extremely High Activity
8877689391,2016-05-10,,,,,10733,8.15,2832,18,11,224,1187,High Activity
8877689391,2016-05-11,85.4,,,,21420,19.56,3832,88,12,213,1127,Extremely High Activity
8877689391,2016-05-12,84.0,,,,8064,6.12,1849,23,1,137,770,Ideal Activity
8792009665,2016-04-12,,458,493,35,2564,1.64,2044,0,0,116,831,Extremely Low Activity
8792009665,2016-04-13,,531,552,21,1320,0.84,1934,0,0,82,806,Extremely Low Activity
8792009665,2016-04-14,,486,503,17,1219,0.78,1963,0,0,84,853,Extremely Low Activity
8792009665,2016-04-15,,363,377,14,2483,1.59,2009,0,0,126,937,Extremely Low Activity
8792009665,2016-04-16,,,,,244,0.16,1721,0,0,12,1428,Sedentary
8792009665,2016-04-17,,,,,0,0.0,1688,0,0,0,1440,Sedentary
8792009665,2016-04-18,,,,,0,0.0,1688,0,0,0,1440,Sedentary
8792009665,2016-04-19,,,,,0,0.0,1688,0,0,0,1440,Sedentary
8792009665,2016-04-20,,528,547,19,3147,2.01,2188,0,10,139,744,Low Activity
8792009665,2016-04-21,,,,,144,0.09,1720,0,0,9,1431,Sedentary
8792009665,2016-04-22,,391,407,16,4068,2.6,2419,1,20,195,817,Low Activity
8792009665,2016-04-23,,339,360,21,5245,3.36,2748,8,45,232,795,Moderate Activity
8792009665,2016-04-24,,,,,400,0.26,1799,3,8,19,1410,Sedentary
8792009665,2016-04-25,,,,,0,0.0,1688,0,0,0,1440,Sedentary
8792009665,2016-04-26,,,,,1321,0.85,1928,0,0,80,1360,Extremely Low Activity
8792009665,2016-04-27,,423,428,5,1758,1.13,2067,0,0,112,900,Extremely Low Activity
8792009665,2016-04-28,,402,416,14,6157,3.94,2780,0,0,310,714,Moderate Activity
8792009665,2016-04-29,,398,406,8,8360,5.35,3101,6,14,380,634,Ideal Activity
8792009665,2016-04-30,,343,360,17,7174,4.59,2896,10,20,301,749,Ideal Activity
8792009665,2016-05-01,,503,527,24,1619,1.04,1962,0,0,79,834,Extremely Low Activity
8792009665,2016-05-02,,415,423,8,1831,1.17,2015,0,0,101,916,Extremely Low Activity
8792009665,2016-05-03,,516,545,29,2421,1.55,2297,0,0,156,739,Extremely Low Activity
8792009665,2016-05-04,,439,463,24,2283,1.46,2067,0,0,129,848,Extremely Low Activity
8792009665,2016-05-05,,,,,0,0.0,1688,0,0,0,1440,Sedentary
8792009665,2016-05-06,,,,,0,0.0,1688,0,0,0,1440,Sedentary
8792009665,2016-05-07,,,,,0,0.0,1688,0,0,0,1440,Sedentary
8792009665,2016-05-08,,,,,0,0.0,1688,0,0,0,1440,Sedentary
8792009665,2016-05-09,,,,,0,0.0,1688,0,0,0,1440,Sedentary
8792009665,2016-05-10,,,,,0,0.0,57,0,0,0,48,Sedentary
8583815059,2016-04-12,,,,,5014,3.91,2650,0,7,196,1237,Moderate Activity
8583815059,2016-04-13,,,,,5571,4.35,2654,2,23,163,1252,Moderate Activity
8583815059,2016-04-14,,,,,3135,2.45,2443,0,0,134,1306,Low Activity
8583815059,2016-04-15,,,,,3430,2.68,2505,0,0,65,1375,Low Activity
8583815059,2016-04-16,,,,,5319,4.15,2693,0,0,0,1440,Moderate Activity
8583815059,2016-04-17,,,,,3008,2.35,2439,0,0,0,1440,Low Activity
8583815059,2016-04-18,,,,,3864,3.01,2536,4,22,105,1309,Low Activity
8583815059,2016-04-19,,,,,5697,4.44,2668,7,10,166,1257,Moderate Activity
8583815059,2016-04-20,,,,,5273,4.11,2647,0,27,167,1246,Moderate Activity
8583815059,2016-04-21,,,,,8538,6.66,2883,35,18,158,1229,Ideal Activity
8583815059,2016-04-22,,,,,8687,6.78,2944,4,54,212,1170,Ideal Activity
8583815059,2016-04-23,,,,,9423,7.35,3012,7,44,238,1151,High Activity
8583815059,2016-04-24,,,,,8286,6.46,2889,2,44,206,1188,Ideal Activity
8583815059,2016-04-25,,,,,4503,3.51,2547,18,6,122,1294,Low Activity
8583815059,2016-04-26,,,,,10499,8.19,3093,1,91,214,1134,High Activity
8583815059,2016-04-27,,,,,12474,9.73,3142,77,5,129,1229,Extremely High Activity
8583815059,2016-04-28,,,,,6174,4.82,2757,0,28,203,1209,Moderate Activity
8583815059,2016-04-29,,,,,15168,11.83,3513,46,67,258,1069,Extremely High Activity
8583815059,2016-04-30,,,,,10085,7.87,3164,2,28,317,1093,High Activity
8583815059,2016-05-01,,,,,4512,3.52,2596,10,2,117,1311,Low Activity
8583815059,2016-05-02,,,,,8469,6.61,2894,0,0,0,1440,Ideal Activity
8583815059,2016-05-03,,,,,12015,9.37,3212,0,0,0,1440,Extremely High Activity
8583815059,2016-05-04,,,,,3588,2.8,2516,0,0,0,1440,Low Activity
8583815059,2016-05-05,,,,,12427,9.69,3266,0,0,70,1370,Extremely High Activity
8583815059,2016-05-06,,,,,5843,4.56,2683,2,22,166,1250,Moderate Activity
8583815059,2016-05-07,,,,,6117,4.77,2810,0,0,250,1190,Moderate Activity
8583815059,2016-05-08,,,,,9217,7.19,2940,3,72,182,1183,High Activity
8583815059,2016-05-09,,,,,9877,7.7,2947,66,4,110,1260,High Activity
8583815059,2016-05-10,,,,,8240,6.43,2846,9,43,162,1226,Ideal Activity
8583815059,2016-05-11,,,,,8701,6.79,2804,5,71,177,1106,Ideal Activity
8583815059,2016-05-12,,,,,0,0.0,0,0,0,0,1440,Sedentary
8378563200,2016-04-12,,338,356,18,7626,6.05,3635,65,15,156,723,Ideal Activity
8378563200,2016-04-13,,447,487,40,12386,9.82,4079,116,14,169,680,Extremely High Activity
8378563200,2016-04-14,,424,455,31,13318,10.56,4163,123,21,174,699,Extremely High Activity
8378563200,2016-04-15,,513,533,20,14461,11.47,3666,60,23,190,729,Extremely High Activity
8378563200,2016-04-16,,611,689,78,11207,8.89,3363,64,21,142,563,High Activity
8378563200,2016-04-17,,525,591,66,2132,1.69,2572,0,0,93,599,Extremely Low Activity
8378563200,2016-04-18,,398,451,53,13630,10.81,4157,117,10,174,720,Extremely High Activity
8378563200,2016-04-19,,387,421,34,13070,10.36,4092,120,19,154,737,Extremely High Activity
8378563200,2016-04-20,,381,409,28,9388,7.44,3787,82,8,169,763,High Activity
8378563200,2016-04-21,,396,417,21,15148,12.01,4236,137,16,145,677,Extremely High Activity
8378563200,2016-04-22,,441,469,28,12200,9.67,4044,113,12,159,769,Extremely High Activity
8378563200,2016-04-23,,565,591,26,5709,4.53,2908,19,10,136,740,Moderate Activity
8378563200,2016-04-24,,458,492,34,3703,2.94,2741,0,0,135,734,Low Activity
8378563200,2016-04-25,,388,402,14,12405,9.84,4005,117,16,141,692,Extremely High Activity
8378563200,2016-04-25,,388,402,14,12405,9.84,4005,117,16,141,692,Extremely High Activity
8378563200,2016-04-26,,550,584,34,16208,12.85,3763,90,18,161,593,Extremely High Activity
8378563200,2016-04-27,,531,600,69,7359,5.84,3061,4,4,192,676,Ideal Activity
8378563200,2016-04-28,,506,556,50,5417,4.3,2884,11,10,139,711,Moderate Activity
8378563200,2016-04-29,,527,562,35,6175,4.9,2982,3,7,172,767,Moderate Activity
8378563200,2016-04-30,,468,555,87,2946,2.34,2660,0,0,121,780,Extremely Low Activity
8378563200,2016-05-01,,475,539,64,11419,9.06,3369,71,10,127,669,High Activity
8378563200,2016-05-02,,351,385,34,6064,4.81,3491,63,4,142,802,Moderate Activity
8378563200,2016-05-03,,405,429,24,8712,6.91,3784,71,20,195,822,Ideal Activity
8378563200,2016-05-04,,441,477,36,7875,6.24,3110,19,10,167,680,Ideal Activity
8378563200,2016-05-05,,381,417,36,8567,6.79,3783,66,3,214,764,Ideal Activity
8378563200,2016-05-06,,323,355,32,7045,5.59,3644,74,5,166,831,Ideal Activity
8378563200,2016-05-07,,459,513,54,4468,3.54,2799,0,0,158,851,Low Activity
8378563200,2016-05-08,,545,606,61,2943,2.33,2685,0,0,139,621,Extremely Low Activity
8378563200,2016-05-09,,359,399,40,8382,6.65,3721,71,13,171,772,Ideal Activity
8378563200,2016-05-10,,342,391,49,6582,5.22,3586,63,13,152,840,Moderate Activity
8378563200,2016-05-11,,368,387,19,9143,7.25,3788,72,10,184,763,High Activity
8378563200,2016-05-12,,496,546,50,4561,3.62,1976,8,6,102,433,Low Activity
8253242879,2016-04-12,,,,,9033,7.16,2044,40,2,154,1244,High Activity
8253242879,2016-04-13,,,,,8053,6.1,1935,35,11,96,1298,Ideal Activity
8253242879,2016-04-14,,,,,5234,3.46,1705,29,16,33,1362,Moderate Activity
8253242879,2016-04-15,,,,,2672,1.77,1632,0,0,105,1335,Extremely Low Activity
8253242879,2016-04-16,,,,,9256,6.14,1880,6,51,115,1268,High Activity
8253242879,2016-04-17,,,,,10204,7.91,2112,41,5,157,1237,High Activity
8253242879,2016-04-18,,,,,5151,3.48,1829,16,16,130,1278,Moderate Activity
8253242879,2016-04-19,,,,,4212,2.78,1763,0,0,164,1276,Low Activity
8253242879,2016-04-20,,,,,6466,4.27,1931,5,18,216,1201,Moderate Activity
8253242879,2016-04-21,,,,,11268,8.56,2218,49,20,172,1199,High Activity
8253242879,2016-04-22,,,,,2824,1.87,1651,0,0,120,1320,Extremely Low Activity
8253242879,2016-04-23,,,,,9282,6.26,2132,30,26,191,1193,High Activity
8253242879,2016-04-24,,,,,8905,7.13,1976,41,4,82,1313,Ideal Activity
8253242879,2016-04-25,,,,,6829,4.51,1909,7,54,118,1261,Moderate Activity
8253242879,2016-04-26,,,,,4562,3.04,1813,19,14,108,1299,Low Activity
8253242879,2016-04-27,,,,,10232,8.18,2008,45,5,104,1286,High Activity
8253242879,2016-04-28,,,,,2718,1.8,1580,11,16,20,1393,Extremely Low Activity
8253242879,2016-04-29,,,,,6260,4.26,1854,16,14,136,1257,Moderate Activity
8253242879,2016-04-30,,,,,0,0.0,0,0,0,0,1440,Sedentary
8053475328,2016-04-12,,,,,18060,14.12,3186,116,8,123,1193,Extremely High Activity
8053475328,2016-04-13,,,,,16433,13.35,3140,95,12,156,1177,Extremely High Activity
8053475328,2016-04-14,,,,,20159,15.97,3411,119,5,193,1123,Extremely High Activity
8053475328,2016-04-15,,,,,20669,16.24,3410,132,8,158,1142,Extremely High Activity
8053475328,2016-04-16,,,,,14549,11.11,2867,96,6,83,1255,Extremely High Activity
8053475328,2016-04-17,,,,,18827,13.69,3213,111,21,195,1113,Extremely High Activity
8053475328,2016-04-18,,,,,17076,12.66,3133,102,6,195,1137,Extremely High Activity
8053475328,2016-04-19,,,,,15929,12.48,3114,90,7,191,1152,Extremely High Activity
8053475328,2016-04-20,,486,493,7,15108,12.19,3043,89,5,158,695,Extremely High Activity
8053475328,2016-04-21,,,,,16057,12.51,3103,100,6,170,1164,Extremely High Activity
8053475328,2016-04-22,,,,,10520,8.29,2655,60,3,117,1260,High Activity
8053475328,2016-04-23,,331,337,6,22359,17.19,3554,125,14,223,741,Extremely High Activity
8053475328,2016-04-24,,,,,22988,17.95,3577,129,33,182,1096,Extremely High Activity
8053475328,2016-04-25,,,,,20500,15.69,3403,118,9,209,1104,Extremely High Activity
8053475328,2016-04-26,,,,,12685,9.62,2846,68,5,185,1182,Extremely High Activity
8053475328,2016-04-27,,,,,12422,9.82,2852,60,10,183,1187,Extremely High Activity
8053475328,2016-04-28,,,,,15447,12.4,3062,90,9,153,1188,Extremely High Activity
8053475328,2016-04-29,,,,,12315,9.65,2794,58,8,159,1215,Extremely High Activity
8053475328,2016-04-30,,,,,7135,5.59,2408,27,1,131,1281,Ideal Activity
8053475328,2016-05-01,,,,,1170,0.85,1886,0,0,51,1389,Extremely Low Activity
8053475328,2016-05-02,,,,,1969,1.43,1988,0,0,95,1345,Extremely Low Activity
8053475328,2016-05-03,,,,,15484,11.9,3023,87,22,165,1166,Extremely High Activity
8053475328,2016-05-04,,,,,14581,11.15,2918,89,8,123,1220,Extremely High Activity
8053475328,2016-05-05,,,,,14990,11.51,2950,93,9,130,1208,Extremely High Activity
8053475328,2016-05-06,,,,,13953,11.0,2859,90,15,90,1245,Extremely High Activity
8053475328,2016-05-07,,74,75,1,19769,15.67,3331,121,20,148,1076,Extremely High Activity
8053475328,2016-05-08,,,,,22026,17.65,3589,125,14,228,1073,Extremely High Activity
8053475328,2016-05-09,,,,,12465,9.38,2765,66,12,148,1214,Extremely High Activity
8053475328,2016-05-10,,,,,14810,11.36,2926,96,10,115,1219,Extremely High Activity
8053475328,2016-05-11,,,,,12209,9.4,2809,60,7,184,1189,Extremely High Activity
8053475328,2016-05-12,,,,,4998,3.91,1505,28,4,39,839,Low Activity
7086361926,2016-04-12,,514,525,11,11317,8.41,2772,59,6,153,745,High Activity
7086361926,2016-04-13,,451,465,14,5813,3.62,2516,31,26,155,744,Moderate Activity
7086361926,2016-04-14,,472,476,4,9123,6.12,2734,35,32,189,787,High Activity
7086361926,2016-04-15,,377,386,9,8585,5.67,2395,30,21,139,864,Ideal Activity
7086361926,2016-04-16,,,,,31,0.01,1635,0,0,3,1437,Sedentary
7086361926,2016-04-17,,,,,0,0.0,1629,0,0,0,1440,Sedentary
7086361926,2016-04-18,,,,,9827,6.71,2743,61,51,114,1136,High Activity
7086361926,2016-04-19,,472,483,11,10688,7.29,2944,67,69,124,671,High Activity
7086361926,2016-04-20,,492,502,10,14365,10.64,2997,87,13,145,797,Extremely High Activity
7086361926,2016-04-21,,390,411,21,9469,6.18,2463,19,6,206,758,High Activity
7086361926,2016-04-22,,428,448,20,9753,6.53,2846,58,59,153,762,High Activity
7086361926,2016-04-23,,,,,2817,1.81,1965,0,0,90,1350,Extremely Low Activity
7086361926,2016-04-24,,681,704,23,3520,2.16,2049,0,0,125,566,Low Activity
7086361926,2016-04-25,,446,447,1,10091,6.82,2752,69,39,129,706,High Activity
7086361926,2016-04-26,,485,500,15,10387,7.07,2781,70,33,132,726,High Activity
7086361926,2016-04-27,,469,479,10,11107,8.34,2693,55,6,145,829,High Activity
7086361926,2016-04-28,,354,367,13,11584,7.8,2862,54,48,161,810,High Activity
7086361926,2016-04-29,,,,,7881,4.95,2616,24,36,182,1198,Ideal Activity
7086361926,2016-04-30,,485,489,4,14560,9.41,2995,42,17,308,584,Extremely High Activity
7086361926,2016-05-01,,388,407,19,12390,8.07,2730,30,15,258,685,Extremely High Activity
7086361926,2016-05-02,,440,459,19,10052,6.81,2754,66,26,139,737,High Activity
7086361926,2016-05-03,,456,461,5,10288,6.76,2754,57,36,152,761,High Activity
7086361926,2016-05-04,,420,436,16,10988,8.31,2655,45,12,135,843,High Activity
7086361926,2016-05-05,,,,,8564,5.6,2386,24,14,149,1253,Ideal Activity
7086361926,2016-05-06,,322,333,11,12461,8.38,2924,84,35,154,834,Extremely High Activity
7086361926,2016-05-07,,530,548,18,12827,8.48,2739,20,42,209,621,Extremely High Activity
7086361926,2016-05-08,,481,510,29,10677,7.1,2534,32,27,147,695,High Activity
7086361926,2016-05-09,,427,438,11,13566,9.11,2960,67,50,171,743,Extremely High Activity
7086361926,2016-05-10,,,,,14433,10.79,2800,72,23,106,1182,Extremely High Activity
7086361926,2016-05-11,,451,463,12,9572,6.52,2735,57,40,128,757,High Activity
7086361926,2016-05-12,,444,457,13,3789,2.56,1199,5,4,58,343,Low Activity
7007744171,2016-04-12,,,,,14172,10.29,2937,53,8,355,1024,Extremely High Activity
7007744171,2016-04-13,,,,,12862,9.65,2742,56,22,261,1101,Extremely High Activity
7007744171,2016-04-14,,,,,11179,8.24,2668,34,6,304,1096,High Activity
7007744171,2016-04-15,,,,,5273,3.53,2098,0,0,202,1238,Moderate Activity
7007744171,2016-04-16,,79,82,3,4631,3.1,2076,0,0,203,1155,Low Activity
7007744171,2016-04-17,,,,,8059,5.39,2383,0,0,305,1135,Ideal Activity
7007744171,2016-04-18,,,,,14816,10.98,2832,48,31,284,1077,Extremely High Activity
7007744171,2016-04-19,,,,,14194,10.48,2812,53,17,304,1066,Extremely High Activity
7007744171,2016-04-20,,,,,15566,11.31,3096,60,33,347,1000,Extremely High Activity
7007744171,2016-04-21,,,,,13744,9.19,2763,30,34,327,1049,Extremely High Activity
7007744171,2016-04-22,,,,,15299,10.24,2889,64,50,261,1065,Extremely High Activity
7007744171,2016-04-23,,,,,8093,5.41,2284,2,25,223,1190,Ideal Activity
7007744171,2016-04-24,,,,,11085,7.42,2667,0,0,419,1021,High Activity
7007744171,2016-04-25,,,,,18229,13.34,3055,51,24,379,986,Extremely High Activity
7007744171,2016-04-26,,,,,15090,10.1,2939,16,22,424,978,Extremely High Activity
7007744171,2016-04-27,,,,,13541,10.22,2830,50,12,337,1041,Extremely High Activity
7007744171,2016-04-28,,,,,15128,10.12,2836,16,16,401,1007,Extremely High Activity
7007744171,2016-04-29,,,,,20067,14.3,3180,55,42,382,961,Extremely High Activity
7007744171,2016-04-30,,,,,3761,2.52,2051,0,0,200,1240,Low Activity
7007744171,2016-05-01,,58,61,3,5600,3.75,2225,0,0,237,1142,Moderate Activity
7007744171,2016-05-02,,,,,13041,9.18,2642,64,14,250,1112,Extremely High Activity
7007744171,2016-05-03,,,,,14510,10.87,2976,58,31,330,1021,Extremely High Activity
7007744171,2016-05-04,,,,,0,0.0,1557,0,0,0,1440,Sedentary
7007744171,2016-05-05,,,,,15010,11.1,2933,53,23,317,1047,Extremely High Activity
7007744171,2016-05-06,,,,,11459,7.67,2553,44,13,247,1136,High Activity
7007744171,2016-05-07,,,,,0,0.0,120,0,0,0,111,Sedentary
6962181067,2016-04-12,62.5,366,387,21,10199,6.74,1994,50,14,189,796,High Activity
6962181067,2016-04-13,62.1,630,679,49,5652,3.74,1718,8,24,142,548,Moderate Activity
6962181067,2016-04-14,61.7,508,535,27,1551,1.03,1466,0,0,86,862,Extremely Low Activity
6962181067,2016-04-15,61.5,370,386,16,5563,3.68,1756,0,0,217,837,Moderate Activity
6962181067,2016-04-16,62.0,357,366,9,13217,8.74,2173,50,3,280,741,Extremely High Activity
6962181067,2016-04-17,61.4,427,446,19,10145,6.71,2027,5,13,295,634,High Activity
6962181067,2016-04-18,61.2,442,458,16,11404,7.54,2039,13,42,238,689,High Activity
6962181067,2016-04-19,61.4,476,535,59,10742,7.1,2046,35,41,195,659,High Activity
6962181067,2016-04-20,61.7,418,424,6,13928,9.55,2174,48,4,297,639,Extremely High Activity
6962181067,2016-04-21,61.4,451,457,6,11835,9.71,2179,53,27,214,708,High Activity
6962181067,2016-04-22,61.4,425,435,10,10725,7.09,2086,30,33,240,659,High Activity
6962181067,2016-04-23,61.5,528,546,18,20031,13.24,2571,58,41,347,484,Extremely High Activity
6962181067,2016-04-24,61.5,511,514,3,5029,3.32,1705,0,0,199,720,Moderate Activity
6962181067,2016-04-25,61.7,400,415,15,13239,9.27,2194,35,31,282,637,Extremely High Activity
6962181067,2016-04-26,,441,446,5,10433,6.9,2012,36,7,254,680,High Activity
6962181067,2016-04-27,61.2,455,467,12,10320,6.82,2034,7,38,279,697,High Activity
6962181067,2016-04-28,61.2,440,453,13,12627,8.35,2182,38,8,288,621,Extremely High Activity
6962181067,2016-04-29,61.4,433,447,14,10762,7.11,2254,12,15,369,645,High Activity
6962181067,2016-04-30,61.0,422,424,2,10081,6.66,2002,32,16,237,731,High Activity
6962181067,2016-05-01,61.7,411,426,15,5454,3.61,1740,0,0,215,722,Moderate Activity
6962181067,2016-05-02,61.5,466,482,16,12912,8.54,2162,18,39,313,655,Extremely High Activity
6962181067,2016-05-03,61.0,394,418,24,12109,8.12,2072,21,36,267,654,Extremely High Activity
6962181067,2016-05-04,61.1,442,455,13,10147,6.71,2086,15,36,284,683,High Activity
6962181067,2016-05-05,61.3,467,491,24,10524,6.96,2066,14,22,305,591,High Activity
6962181067,2016-05-06,61.5,443,462,19,5908,3.91,1850,0,0,299,717,Moderate Activity
6962181067,2016-05-07,61.2,298,334,36,6815,4.5,1947,0,0,328,745,Moderate Activity
6962181067,2016-05-08,61.2,541,569,28,4188,2.77,1659,0,14,151,709,Low Activity
6962181067,2016-05-09,62.4,489,497,8,12342,8.72,2105,43,21,231,607,Extremely High Activity
6962181067,2016-05-10,62.1,469,481,12,15448,10.21,2361,62,34,275,626,Extremely High Activity
6962181067,2016-05-11,61.9,452,480,28,6722,4.44,1855,24,7,199,709,Moderate Activity
6962181067,2016-05-12,61.9,516,535,19,3587,2.37,928,0,8,105,127,Low Activity
6775888955,2016-04-12,,,,,0,0.0,1841,0,0,0,1440,Sedentary
6775888955,2016-04-13,,235,260,25,4053,2.91,2400,17,18,85,1053,Low Activity
6775888955,2016-04-14,,423,441,18,5162,3.7,2507,14,24,105,863,Moderate Activity
6775888955,2016-04-15,,391,406,15,1282,0.92,2127,0,0,58,976,Extremely Low Activity
6775888955,2016-04-16,,,,,4732,3.39,2225,36,18,9,1377,Low Activity
6775888955,2016-04-17,,,,,2497,1.79,2067,5,24,19,1392,Extremely Low Activity
6775888955,2016-04-18,,,,,8294,5.95,2798,30,31,146,1233,Ideal Activity
6775888955,2016-04-19,,,,,0,0.0,1841,0,0,0,1440,Sedentary
6775888955,2016-04-20,,,,,10771,7.72,3727,70,113,178,1079,High Activity
6775888955,2016-04-21,,,,,0,0.0,1841,0,0,0,1440,Sedentary
6775888955,2016-04-22,,,,,637,0.46,1922,0,0,20,1420,Sedentary
6775888955,2016-04-23,,,,,0,0.0,1841,0,0,0,1440,Sedentary
6775888955,2016-04-24,,,,,2153,1.54,2053,11,18,11,1400,Extremely Low Activity
6775888955,2016-04-25,,,,,6474,4.64,2484,33,13,92,1302,Moderate Activity
6775888955,2016-04-26,,,,,7091,5.27,2584,42,30,47,1321,Ideal Activity
6775888955,2016-04-27,,,,,0,0.0,1841,0,0,0,1440,Sedentary
6775888955,2016-04-28,,,,,703,0.5,1993,2,13,15,1410,Sedentary
6775888955,2016-04-29,,,,,0,0.0,1841,0,0,0,1440,Sedentary
6775888955,2016-04-30,,,,,2503,1.79,2280,3,9,84,1344,Extremely Low Activity
6775888955,2016-05-01,,,,,2487,1.78,2319,9,34,50,1347,Extremely Low Activity
6775888955,2016-05-02,,,,,0,0.0,1841,0,0,0,1440,Sedentary
6775888955,2016-05-03,,,,,9,0.01,1843,0,0,1,1439,Sedentary
6775888955,2016-05-04,,,,,0,0.0,1841,0,0,0,1440,Sedentary
6775888955,2016-05-05,,,,,0,0.0,1841,0,0,0,1440,Sedentary
6775888955,2016-05-06,,,,,4697,3.37,2496,12,35,75,1318,Low Activity
6775888955,2016-05-07,,,,,1967,1.41,1032,2,5,49,551,Extremely Low Activity
6290855005,2016-04-12,,,,,4562,3.45,2560,0,0,199,1241,Low Activity
6290855005,2016-04-13,,,,,7142,5.4,2905,0,0,350,1090,Ideal Activity
6290855005,2016-04-14,,,,,7671,5.8,2952,0,0,363,1077,Ideal Activity
6290855005,2016-04-15,,,,,9501,7.18,2896,0,0,328,1112,High Activity
6290855005,2016-04-16,,,,,8301,6.28,2783,0,0,258,1182,Ideal Activity
6290855005,2016-04-17,,,,,7851,5.94,3171,31,12,225,1172,Ideal Activity
6290855005,2016-04-18,,,,,6885,5.21,2766,0,0,271,1169,Moderate Activity
6290855005,2016-04-19,,,,,7142,5.4,2839,0,0,321,1119,Ideal Activity
6290855005,2016-04-20,,,,,6361,4.81,2701,0,0,258,1182,Moderate Activity
6290855005,2016-04-21,,,,,0,0.0,2060,0,0,0,1440,Sedentary
6290855005,2016-04-22,,,,,6238,4.72,2796,0,0,302,1138,Moderate Activity
6290855005,2016-04-23,,,,,0,0.0,2664,33,0,0,1407,Sedentary
6290855005,2016-04-24,,,,,5896,4.46,2703,0,0,258,1182,Moderate Activity
6290855005,2016-04-25,,,,,7802,5.9,2771,8,3,249,1180,Ideal Activity
6290855005,2016-04-26,,,,,0,0.0,2060,0,0,0,1440,Sedentary
6290855005,2016-04-27,,,,,5565,4.21,2743,0,0,287,1153,Moderate Activity
6290855005,2016-04-28,,,,,5731,4.33,2687,0,0,255,1185,Moderate Activity
6290855005,2016-04-29,,,,,0,0.0,2060,0,0,0,1440,Sedentary
6290855005,2016-04-30,,,,,6744,5.1,2843,0,0,324,1116,Moderate Activity
6290855005,2016-05-01,,,,,9837,7.44,3327,8,95,282,1055,High Activity
6290855005,2016-05-02,,,,,6781,5.13,2725,0,0,268,1172,Moderate Activity
6290855005,2016-05-03,,,,,6047,4.57,2671,0,0,240,1200,Moderate Activity
6290855005,2016-05-04,,,,,5832,4.41,2718,0,0,272,1168,Moderate Activity
6290855005,2016-05-05,,,,,6339,4.79,2682,0,0,239,1201,Moderate Activity
6290855005,2016-05-06,,,,,6116,4.62,2806,0,0,305,1135,Moderate Activity
6290855005,2016-05-07,,,,,5510,4.17,2613,0,0,227,1213,Moderate Activity
6290855005,2016-05-08,,,,,7706,5.83,2712,0,0,251,1189,Ideal Activity
6290855005,2016-05-09,,,,,6277,4.75,2175,0,0,264,800,Moderate Activity
6290855005,2016-05-10,,,,,0,0.0,0,0,0,0,1440,Sedentary
6117666160,2016-04-12,,,,,0,0.0,1496,0,0,0,1440,Sedentary
6117666160,2016-04-13,,,,,0,0.0,1496,0,0,0,1440,Sedentary
6117666160,2016-04-14,,,,,0,0.0,1496,0,0,0,1440,Sedentary
6117666160,2016-04-15,,,,,14019,10.59,2865,0,6,513,921,Extremely High Activity
6117666160,2016-04-16,,380,398,18,14450,10.91,2828,7,15,518,502,Extremely High Activity
6117666160,2016-04-17,,336,350,14,7150,5.4,2225,0,0,312,702,Ideal Activity
6117666160,2016-04-18,,493,510,17,5153,3.91,2018,0,0,241,759,Moderate Activity
6117666160,2016-04-19,,465,492,27,11135,8.41,2606,0,0,480,425,High Activity
6117666160,2016-04-20,,474,502,28,10449,8.02,2536,26,10,349,587,High Activity
6117666160,2016-04-21,,508,550,42,19542,15.01,4900,11,19,294,579,Extremely High Activity
6117666160,2016-04-22,,480,546,66,8206,6.2,2409,0,0,402,413,Ideal Activity
6117666160,2016-04-23,,492,539,47,11495,8.68,2651,0,0,512,468,High Activity
6117666160,2016-04-24,,353,367,14,7623,5.76,2305,0,0,362,711,Ideal Activity
6117666160,2016-04-25,,,,,0,0.0,1497,0,0,0,1440,Sedentary
6117666160,2016-04-26,,,,,9543,7.21,2450,0,7,352,1077,High Activity
6117666160,2016-04-27,,542,557,15,9411,7.11,2576,0,0,458,417,High Activity
6117666160,2016-04-28,,393,416,23,3403,2.6,1879,0,0,141,758,Low Activity
6117666160,2016-04-29,,600,636,36,9592,7.24,2560,0,0,461,479,High Activity
6117666160,2016-04-30,,,,,6987,5.28,2275,0,0,343,1040,Moderate Activity
6117666160,2016-05-01,,507,575,68,8915,6.73,2361,0,0,397,525,Ideal Activity
6117666160,2016-05-02,,,,,4933,3.73,2044,0,0,236,1204,Low Activity
6117666160,2016-05-03,,,,,0,0.0,1496,0,0,0,1440,Sedentary
6117666160,2016-05-04,,,,,2997,2.26,1902,0,0,156,1279,Extremely Low Activity
6117666160,2016-05-05,,392,415,23,9799,7.4,2636,0,0,487,479,High Activity
6117666160,2016-05-06,,658,698,40,3365,2.68,1838,0,0,133,673,Low Activity
6117666160,2016-05-07,,498,507,9,7336,5.54,2469,0,0,412,456,Ideal Activity
6117666160,2016-05-08,,555,603,48,7328,5.53,2250,0,0,318,517,Ideal Activity
6117666160,2016-05-09,,492,522,30,4477,3.38,1248,0,0,197,125,Low Activity
5577150313,2016-04-12,,419,438,19,8135,6.08,3405,86,16,140,728,Ideal Activity
5577150313,2016-04-13,,432,458,26,5077,3.79,2551,15,11,144,776,Moderate Activity
5577150313,2016-04-14,,477,497,20,8596,6.42,4022,118,30,176,662,Ideal Activity
5577150313,2016-04-15,,392,413,21,12087,9.08,4005,115,54,199,695,Extremely High Activity
5577150313,2016-04-16,,406,445,39,14269,10.66,4274,184,56,158,472,Extremely High Activity
5577150313,2016-04-17,90.7,549,583,34,12231,9.14,4552,200,37,159,525,Extremely High Activity
5577150313,2016-04-18,,527,553,26,9893,7.39,3625,114,32,130,623,High Activity
5577150313,2016-04-19,,449,465,16,12574,9.42,3501,108,23,111,733,Extremely High Activity
5577150313,2016-04-20,,447,480,33,8330,6.22,3192,87,16,113,773,Ideal Activity
5577150313,2016-04-21,,414,437,23,10830,8.09,4018,110,74,175,670,High Activity
5577150313,2016-04-22,,338,366,28,9172,6.85,3329,62,30,200,823,High Activity
5577150313,2016-04-23,,384,402,18,7638,5.71,3152,24,24,223,627,Ideal Activity
5577150313,2016-04-24,,543,615,72,15764,11.78,4392,210,65,141,425,Extremely High Activity
5577150313,2016-04-25,,421,461,40,6393,4.78,3374,61,38,214,743,Moderate Activity
5577150313,2016-04-26,,354,377,23,5325,3.98,3088,38,32,181,759,Moderate Activity
5577150313,2016-04-27,,424,452,28,6805,5.14,3294,63,16,190,773,Moderate Activity
5577150313,2016-04-28,,361,372,11,9841,7.43,3580,99,51,141,692,High Activity
5577150313,2016-04-29,,459,485,26,7924,5.92,3544,97,36,165,739,Ideal Activity
5577150313,2016-04-30,,412,433,21,12363,9.24,4501,207,45,163,621,Extremely High Activity
5577150313,2016-05-01,,379,398,19,13368,9.99,4546,194,72,178,499,Extremely High Activity
5577150313,2016-05-02,,525,553,28,7439,5.56,3014,37,20,235,732,Ideal Activity
5577150313,2016-05-03,,508,543,35,11045,8.25,3795,97,8,212,580,High Activity
5577150313,2016-05-04,,603,634,31,5206,3.89,2755,25,9,141,631,Moderate Activity
5577150313,2016-05-05,,74,78,4,7550,5.64,3004,45,21,143,1153,Ideal Activity
5577150313,2016-05-06,,,,,4950,3.7,2643,41,16,79,1304,Low Activity
5577150313,2016-05-07,,,,,0,0.0,1819,0,0,0,1440,Sedentary
5577150313,2016-05-08,,,,,0,0.0,1819,0,0,0,1440,Sedentary
5577150313,2016-05-09,,,,,3421,2.56,2489,34,11,70,1099,Low Activity
5577150313,2016-05-10,,504,562,58,8869,6.65,3841,104,37,194,639,Ideal Activity
5577150313,2016-05-11,,431,476,45,4038,3.04,1665,45,15,63,257,Low Activity
5553957443,2016-04-12,,441,464,23,11596,7.57,2026,19,13,277,767,High Activity
5553957443,2016-04-13,,455,488,33,4832,3.16,1718,0,0,226,647,Low Activity
5553957443,2016-04-14,,357,418,61,17022,11.12,2324,61,41,256,693,Extremely High Activity
5553957443,2016-04-15,,377,409,32,16556,10.86,2254,58,38,239,689,Extremely High Activity
5553957443,2016-04-16,,651,686,35,5771,3.77,1831,0,0,288,521,Moderate Activity
5553957443,2016-04-17,,350,402,52,655,0.43,1397,0,0,46,943,Sedentary
5553957443,2016-04-18,,520,541,21,3727,2.43,1683,0,0,206,622,Low Activity
5553957443,2016-04-19,,357,410,53,15482,10.11,2284,69,28,249,756,Extremely High Activity
5553957443,2016-04-20,,658,678,20,2713,1.77,1570,0,0,148,598,Extremely Low Activity
5553957443,2016-04-21,,399,431,32,12346,8.06,2066,47,42,177,801,Extremely High Activity
5553957443,2016-04-22,,322,353,31,11682,7.63,2105,25,16,270,781,High Activity
5553957443,2016-04-23,,631,725,94,4112,2.69,1776,0,0,272,443,Low Activity
5553957443,2016-04-24,,553,640,87,1807,1.18,1507,0,0,104,582,Extremely Low Activity
5553957443,2016-04-25,,433,468,35,10946,7.19,2033,51,11,201,732,High Activity
5553957443,2016-04-26,,412,453,41,11886,7.76,2093,40,18,238,750,High Activity
5553957443,2016-04-27,,347,391,44,10538,6.88,1922,16,16,206,745,High Activity
5553957443,2016-04-28,,421,457,36,11393,7.63,1999,49,13,165,727,High Activity
5553957443,2016-04-29,,450,495,45,12764,8.33,2169,46,15,270,709,Extremely High Activity
5553957443,2016-04-30,,775,843,68,1202,0.78,1463,0,0,84,506,Extremely Low Activity
5553957443,2016-05-01,,622,686,64,5164,3.37,1747,0,0,237,436,Moderate Activity
5553957443,2016-05-02,,409,471,62,9769,6.38,1996,23,9,227,724,High Activity
5553957443,2016-05-03,,380,429,49,12848,8.39,2116,26,29,247,812,Extremely High Activity
5553957443,2016-05-04,,447,470,23,4249,2.77,1698,0,0,224,651,Low Activity
5553957443,2016-05-05,,419,464,45,14331,9.51,2156,44,29,241,692,Extremely High Activity
5553957443,2016-05-06,,400,434,34,9632,6.29,1916,21,9,229,761,High Activity
5553957443,2016-05-07,,442,470,28,1868,1.22,1494,0,0,96,902,Extremely Low Activity
5553957443,2016-05-08,,568,608,40,6083,4.0,1762,3,8,210,505,Moderate Activity
5553957443,2016-05-09,,453,494,41,11611,7.58,2272,59,22,251,667,High Activity
5553957443,2016-05-10,,418,443,25,16358,10.71,2335,61,40,265,707,Extremely High Activity
5553957443,2016-05-11,,463,486,23,4926,3.22,1693,0,0,195,628,Low Activity
5553957443,2016-05-12,,438,475,37,3121,2.04,741,8,6,48,222,Low Activity
4702921684,2016-04-12,,425,439,14,7213,5.88,2947,0,0,263,718,Ideal Activity
4702921684,2016-04-13,,400,430,30,6877,5.58,2898,0,0,258,777,Moderate Activity
4702921684,2016-04-14,,384,415,31,7860,6.37,2984,0,0,271,772,Ideal Activity
4702921684,2016-04-15,,253,257,4,6506,5.28,2896,1,8,256,944,Moderate Activity
4702921684,2016-04-16,,382,406,24,11140,9.03,3328,3,24,335,556,High Activity
4702921684,2016-04-17,,591,612,21,12692,10.29,3394,12,66,302,437,Extremely High Activity
4702921684,2016-04-18,,293,312,19,9105,7.38,3013,22,30,191,890,High Activity
4702921684,2016-04-19,,457,487,30,6708,5.44,2812,10,8,179,757,Moderate Activity
4702921684,2016-04-20,,454,468,14,8793,7.13,3061,2,29,260,717,Ideal Activity
4702921684,2016-04-21,,425,434,9,6530,5.3,2729,4,41,144,901,Moderate Activity
4702921684,2016-04-22,,,,,1664,1.35,2241,0,0,72,1341,Extremely Low Activity
4702921684,2016-04-23,,465,475,10,15126,12.27,3691,9,66,408,469,Extremely High Activity
4702921684,2016-04-24,,480,506,26,15050,12.22,3538,15,95,281,542,Extremely High Activity
4702921684,2016-04-25,,370,380,10,9167,7.43,3064,6,15,270,730,High Activity
4702921684,2016-04-26,,421,429,8,6108,4.95,2784,1,8,216,765,Moderate Activity
4702921684,2016-04-27,,432,449,17,7047,5.72,2908,1,16,238,733,Ideal Activity
4702921684,2016-04-28,,442,461,19,9023,7.32,3033,14,9,232,738,High Activity
4702921684,2016-04-29,,433,447,14,9930,8.05,3165,12,19,267,692,High Activity
4702921684,2016-04-30,,479,501,22,10144,8.23,3115,4,36,263,728,High Activity
4702921684,2016-05-01,,,,,0,0.0,2017,0,0,0,1440,Sedentary
4702921684,2016-05-02,,,,,7245,5.92,2859,5,40,195,1131,Ideal Activity
4702921684,2016-05-03,,327,373,46,9454,7.67,3145,0,0,313,729,High Activity
4702921684,2016-05-04,,412,434,22,8161,6.62,3004,4,15,251,757,Ideal Activity
4702921684,2016-05-05,,414,428,14,8614,6.99,3006,8,5,241,745,Ideal Activity
4702921684,2016-05-06,,404,449,45,6943,5.63,2859,1,16,207,682,Moderate Activity
4702921684,2016-05-07,,520,543,23,14370,11.65,3683,5,46,439,577,Extremely High Activity
4702921684,2016-05-07,,520,543,23,14370,11.65,3683,5,46,439,577,Extremely High Activity
4702921684,2016-05-08,,,,,12857,10.43,3287,9,125,192,1019,Extremely High Activity
4702921684,2016-05-09,,435,458,23,8232,6.68,2990,0,12,253,746,Ideal Activity
4702921684,2016-05-10,,416,431,15,10613,8.61,3172,1,37,262,701,High Activity
4702921684,2016-05-11,,354,366,12,9810,7.96,3069,10,41,235,784,High Activity
4702921684,2016-05-12,,404,442,38,2752,2.23,1240,0,0,68,241,Extremely Low Activity
4558609924,2016-04-12,,,,,5135,3.39,1909,0,0,318,1122,Moderate Activity
4558609924,2016-04-13,,,,,4978,3.29,1722,19,7,127,1287,Low Activity
4558609924,2016-04-14,,,,,6799,4.49,1922,0,0,279,1161,Moderate Activity
4558609924,2016-04-15,,,,,7795,5.15,2121,17,30,262,1131,Ideal Activity
4558609924,2016-04-16,,,,,7289,4.82,1997,8,12,308,1112,Ideal Activity
4558609924,2016-04-17,,,,,9634,6.4,2117,7,19,304,1110,High Activity
4558609924,2016-04-18,69.7,,,,8940,5.91,2116,14,15,331,1080,Ideal Activity
4558609924,2016-04-19,,,,,5401,3.57,1876,1,9,248,1182,Moderate Activity
4558609924,2016-04-20,,,,,4803,3.17,1788,0,0,222,1218,Low Activity
4558609924,2016-04-21,,126,137,11,13743,9.08,2486,6,21,432,844,Extremely High Activity
4558609924,2016-04-22,,,,,9601,6.35,2094,20,25,273,1122,High Activity
4558609924,2016-04-23,,,,,6890,4.55,2085,5,5,308,1122,Moderate Activity
4558609924,2016-04-24,,,,,8563,5.66,2173,0,0,395,1045,Ideal Activity
4558609924,2016-04-25,70.3,,,,8095,5.35,2225,18,10,340,993,Ideal Activity
4558609924,2016-04-26,,103,121,18,9148,6.05,2223,12,41,283,1062,High Activity
4558609924,2016-04-27,,,,,9557,6.32,2098,27,14,312,1087,High Activity
4558609924,2016-04-28,,,,,9451,6.25,2185,1,11,367,985,High Activity
4558609924,2016-04-29,,171,179,8,7833,5.18,1918,15,29,197,1096,Ideal Activity
4558609924,2016-04-30,,,,,10319,6.82,2105,7,29,293,1111,High Activity
4558609924,2016-05-01,69.9,115,129,14,3428,2.27,1692,0,0,190,1121,Low Activity
4558609924,2016-05-02,69.2,,,,7891,5.22,2066,0,0,383,1057,Ideal Activity
4558609924,2016-05-03,,,,,5267,3.48,1953,21,10,237,1172,Moderate Activity
4558609924,2016-05-04,,,,,5232,3.46,1842,0,0,252,1188,Moderate Activity
4558609924,2016-05-05,,,,,10611,7.01,2262,14,8,370,1048,High Activity
4558609924,2016-05-06,,,,,3755,2.48,1722,0,0,202,1238,Low Activity
4558609924,2016-05-07,,,,,8237,5.44,1973,23,16,233,1116,Ideal Activity
4558609924,2016-05-08,,123,134,11,6543,4.33,2666,66,35,238,1019,Moderate Activity
4558609924,2016-05-09,69.1,,,,11451,7.57,2223,6,30,339,1065,High Activity
4558609924,2016-05-10,,,,,6435,4.25,1889,11,18,220,1191,Moderate Activity
4558609924,2016-05-11,,,,,9108,6.02,2131,4,31,324,1081,High Activity
4558609924,2016-05-12,,,,,6307,4.17,1452,0,0,247,736,Moderate Activity
4445114986,2016-04-12,,429,457,28,3276,2.2,2113,0,0,196,787,Low Activity
4445114986,2016-04-13,,370,406,36,2961,1.99,2095,0,0,194,840,Extremely Low Activity
4445114986,2016-04-14,,441,492,51,3974,2.67,2194,0,0,231,717,Low Activity
4445114986,2016-04-15,,337,379,42,7198,4.83,2496,0,0,350,711,Ideal Activity
4445114986,2016-04-16,,462,499,37,3945,2.65,2180,0,0,225,716,Low Activity
4445114986,2016-04-17,,98,107,9,2268,1.52,1933,0,0,114,1219,Extremely Low Activity
4445114986,2016-04-18,,,,,6155,4.24,2248,25,6,162,1247,Moderate Activity
4445114986,2016-04-19,,388,424,36,2064,1.39,1954,0,0,121,895,Extremely Low Activity
4445114986,2016-04-20,,439,462,23,2072,1.39,1974,0,0,137,841,Extremely Low Activity
4445114986,2016-04-21,,436,469,33,3809,2.56,2150,0,0,215,756,Low Activity
4445114986,2016-04-22,,388,417,29,6831,4.58,2432,0,0,317,706,Moderate Activity
4445114986,2016-04-23,,,,,4363,2.93,2149,0,0,201,1239,Low Activity
4445114986,2016-04-24,,,,,5002,3.36,2247,0,0,244,1196,Moderate Activity
4445114986,2016-04-25,,328,345,17,3385,2.27,2070,0,0,179,916,Low Activity
4445114986,2016-04-26,,353,391,38,6326,4.41,2291,29,1,180,839,Moderate Activity
4445114986,2016-04-27,,332,374,42,7243,5.03,2361,32,1,194,839,Ideal Activity
4445114986,2016-04-28,,419,442,23,4493,3.01,2203,0,0,236,762,Low Activity
4445114986,2016-04-29,,106,108,2,4676,3.14,2196,0,0,226,1106,Low Activity
4445114986,2016-04-30,,322,353,31,6222,4.18,2363,0,0,290,797,Moderate Activity
4445114986,2016-05-01,,439,459,20,5232,3.51,2246,0,0,240,741,Moderate Activity
4445114986,2016-05-02,,502,542,40,6910,4.75,2336,27,4,200,667,Moderate Activity
4445114986,2016-05-03,,417,450,33,7502,5.18,2421,30,2,233,725,Ideal Activity
4445114986,2016-05-04,,337,363,26,2923,1.96,2070,0,0,180,897,Extremely Low Activity
4445114986,2016-05-05,,462,513,51,3800,2.55,2120,2,6,185,734,Low Activity
4445114986,2016-05-06,,374,402,28,4514,3.03,2211,0,0,229,809,Low Activity
4445114986,2016-05-07,,401,436,35,5183,3.59,2123,26,4,108,866,Moderate Activity
4445114986,2016-05-08,,361,391,30,7303,4.9,2423,0,8,308,733,Ideal Activity
4445114986,2016-05-09,,457,533,76,5275,3.54,2281,0,0,266,641,Moderate Activity
4445114986,2016-05-10,,405,426,21,3915,2.63,2181,0,0,231,783,Low Activity
4445114986,2016-05-11,,499,530,31,9105,6.11,2499,34,22,232,622,High Activity
4445114986,2016-05-12,,483,501,18,768,0.52,1212,0,0,58,380,Sedentary
4388161847,2016-04-12,,,,,10122,7.78,2955,0,0,0,1440,High Activity
4388161847,2016-04-13,,,,,10993,8.45,3092,1,14,150,1275,High Activity
4388161847,2016-04-14,,,,,8863,6.82,2998,10,35,219,945,Ideal Activity
4388161847,2016-04-15,,499,526,27,8758,6.73,3066,0,0,299,837,Ideal Activity
4388161847,2016-04-16,,426,448,22,6580,5.06,3073,6,9,253,609,Moderate Activity
4388161847,2016-04-17,,619,641,22,4660,3.58,2572,0,0,201,721,Low Activity
4388161847,2016-04-18,,99,104,5,11009,9.1,3274,27,8,239,1017,High Activity
4388161847,2016-04-19,,329,338,9,10181,7.83,3015,20,16,249,704,High Activity
4388161847,2016-04-20,,421,451,30,10553,8.12,3083,19,42,228,696,High Activity
4388161847,2016-04-21,,442,458,16,10055,7.73,3069,7,12,272,853,High Activity
4388161847,2016-04-22,,82,85,3,12139,9.34,3544,77,25,220,945,Extremely High Activity
4388161847,2016-04-23,,478,501,23,13236,10.18,3306,58,5,215,749,Extremely High Activity
4388161847,2016-04-24,,552,595,43,10243,7.88,2885,14,8,239,584,High Activity
4388161847,2016-04-25,,,,,12961,9.97,3288,11,31,301,1054,Extremely High Activity
4388161847,2016-04-26,,319,346,27,9461,7.28,2929,14,23,224,673,High Activity
4388161847,2016-04-27,,439,500,61,11193,8.61,3074,11,48,241,684,High Activity
4388161847,2016-04-28,,428,458,30,10074,7.75,2969,19,9,234,878,High Activity
4388161847,2016-04-29,,,,,9232,7.1,2979,13,16,236,1175,High Activity
4388161847,2016-04-30,,409,430,21,12533,9.64,3283,14,43,300,537,Extremely High Activity
4388161847,2016-05-01,,547,597,50,10255,7.89,2926,12,15,241,579,High Activity
4388161847,2016-05-02,,368,376,8,10096,8.4,3147,33,4,204,935,High Activity
4388161847,2016-05-03,,,,,12727,9.79,3290,18,18,306,984,Extremely High Activity
4388161847,2016-05-04,,390,414,24,12375,9.52,3162,35,21,251,632,Extremely High Activity
4388161847,2016-05-05,,471,495,24,9603,7.38,2899,12,39,199,896,High Activity
4388161847,2016-05-05,,471,495,24,9603,7.38,2899,12,39,199,896,High Activity
4388161847,2016-05-06,,,,,13175,10.13,3425,33,45,262,1100,Extremely High Activity
4388161847,2016-05-07,,472,496,24,22770,17.54,4022,120,56,260,508,Extremely High Activity
4388161847,2016-05-08,,529,541,12,17298,14.38,3934,107,38,178,576,Extremely High Activity
4388161847,2016-05-09,,62,65,3,10218,7.86,3013,6,19,258,1020,High Activity
4388161847,2016-05-10,,354,375,21,10299,7.92,3061,13,14,267,648,High Activity
4388161847,2016-05-11,,469,494,25,10201,7.84,2954,8,18,256,858,High Activity
4388161847,2016-05-12,,,,,3369,2.59,1623,0,0,108,825,Low Activity
4319703577,2016-04-12,,,,,7753,5.2,2115,0,0,0,1440,Ideal Activity
4319703577,2016-04-13,,,,,8204,5.5,2135,8,15,96,1234,Ideal Activity
4319703577,2016-04-14,,535,557,22,10210,6.88,2302,1,9,339,589,High Activity
4319703577,2016-04-15,,465,491,26,5664,3.8,1985,0,0,228,752,Moderate Activity
4319703577,2016-04-16,,506,522,16,4744,3.18,1884,0,0,194,724,Low Activity
4319703577,2016-04-17,72.4,,,,29,0.02,1464,0,0,3,1363,Sedentary
4319703577,2016-04-18,,515,551,36,2276,1.55,1632,1,9,58,824,Extremely Low Activity
4319703577,2016-04-19,,461,498,37,8925,5.99,2200,0,0,311,604,Ideal Activity
4319703577,2016-04-20,,523,543,20,8954,6.01,2220,0,18,306,671,Ideal Activity
4319703577,2016-04-21,,59,65,6,3702,2.48,1792,0,0,34,1265,Low Activity
4319703577,2016-04-22,,533,550,17,4500,3.02,1886,1,19,176,709,Low Activity
4319703577,2016-04-23,,692,722,30,4935,3.31,1945,0,0,233,546,Low Activity
4319703577,2016-04-24,,467,501,34,4081,2.74,1880,1,5,191,692,Low Activity
4319703577,2016-04-25,,488,506,18,9259,6.21,2314,0,8,390,544,High Activity
4319703577,2016-04-26,,505,516,11,9899,6.64,2236,8,21,288,649,High Activity
4319703577,2016-04-27,,286,307,21,10780,7.23,2324,6,47,300,680,High Activity
4319703577,2016-04-28,,497,522,25,10817,7.28,2367,13,8,359,552,High Activity
4319703577,2016-04-29,,523,546,23,7990,5.36,2175,6,18,289,624,Ideal Activity
4319703577,2016-04-30,,490,516,26,8221,5.52,2092,6,38,196,695,Ideal Activity
4319703577,2016-05-01,,484,500,16,1251,0.84,1593,0,0,67,836,Extremely Low Activity
4319703577,2016-05-02,,478,506,28,9261,6.24,2270,0,11,344,585,High Activity
4319703577,2016-05-03,,474,512,38,9648,6.47,2235,8,26,287,669,High Activity
4319703577,2016-05-04,72.3,,,,10429,7.02,2282,8,13,313,1106,High Activity
4319703577,2016-05-05,,,,,13658,9.49,2530,27,34,328,957,Extremely High Activity
4319703577,2016-05-06,,450,491,41,9524,6.42,2266,6,11,314,692,High Activity
4319703577,2016-05-07,,507,530,23,7937,5.33,2158,3,28,279,586,Ideal Activity
4319703577,2016-05-08,,602,638,36,3672,2.46,1792,0,0,153,603,Low Activity
4319703577,2016-05-09,,535,565,30,10378,6.96,2345,2,14,374,490,High Activity
4319703577,2016-05-10,,487,517,30,9487,6.37,2260,3,12,329,555,High Activity
4319703577,2016-05-11,,529,558,29,9129,6.13,2232,3,18,311,574,High Activity
4319703577,2016-05-12,,302,321,19,17,0.01,257,0,0,2,0,Sedentary
4057192912,2016-04-12,,,,,5394,4.03,2286,0,0,164,1276,Moderate Activity
4057192912,2016-04-13,,,,,5974,4.47,2306,0,0,160,1280,Moderate Activity
4057192912,2016-04-14,,,,,0,0.0,1776,0,0,0,1440,Sedentary
4057192912,2016-04-15,,,,,3984,2.95,1527,3,6,88,873,Low Activity
4020332650,2016-04-12,,501,541,40,8539,6.12,3654,4,15,331,712,Ideal Activity
4020332650,2016-04-13,,,,,0,0.0,1981,0,0,0,1440,Sedentary
4020332650,2016-04-14,,,,,108,0.08,2011,0,0,3,1437,Sedentary
4020332650,2016-04-15,,,,,1882,1.35,2951,36,18,87,1299,Extremely Low Activity
4020332650,2016-04-16,,77,77,0,1982,1.42,3051,65,21,55,1222,Extremely Low Activity
4020332650,2016-04-17,,,,,16,0.01,1990,0,0,2,1438,Sedentary
4020332650,2016-04-18,,,,,62,0.04,1995,0,0,2,1438,Sedentary
4020332650,2016-04-19,,,,,0,0.0,1980,0,0,0,1440,Sedentary
4020332650,2016-04-20,,,,,0,0.0,1980,0,0,0,1440,Sedentary
4020332650,2016-04-21,,,,,0,0.0,1980,0,0,0,1440,Sedentary
4020332650,2016-04-22,,,,,0,0.0,1980,0,0,0,1440,Sedentary
4020332650,2016-04-23,,,,,0,0.0,1980,0,0,0,1440,Sedentary
4020332650,2016-04-24,,,,,0,0.0,1980,0,0,0,1440,Sedentary
4020332650,2016-04-25,,,,,0,0.0,1980,0,0,0,1440,Sedentary
4020332650,2016-04-26,,,,,0,0.0,1980,0,0,0,1440,Sedentary
4020332650,2016-04-27,,,,,0,0.0,1980,0,0,0,1440,Sedentary
4020332650,2016-04-28,,,,,0,0.0,1980,0,0,0,1440,Sedentary
4020332650,2016-04-29,,,,,0,0.0,1980,0,0,0,1440,Sedentary
4020332650,2016-04-30,,,,,0,0.0,1980,0,0,0,1440,Sedentary
4020332650,2016-05-01,,,,,0,0.0,1980,0,0,0,1440,Sedentary
4020332650,2016-05-02,,,,,475,0.34,2207,0,11,31,1350,Sedentary
4020332650,2016-05-03,,322,332,10,4496,3.22,2828,0,0,174,950,Low Activity
4020332650,2016-05-04,,478,536,58,10252,7.35,3879,13,46,346,531,High Activity
4020332650,2016-05-05,,226,248,22,11728,8.43,3429,38,42,196,916,High Activity
4020332650,2016-05-06,,385,408,23,4369,3.13,2704,0,0,177,855,Low Activity
4020332650,2016-05-07,,,,,6132,4.4,2975,0,0,184,1256,Moderate Activity
4020332650,2016-05-08,,364,402,38,5862,4.2,3089,0,0,263,775,Moderate Activity
4020332650,2016-05-09,,,,,4556,3.27,2785,3,5,173,1225,Low Activity
4020332650,2016-05-10,,442,494,52,5546,3.98,2926,0,0,206,774,Moderate Activity
4020332650,2016-05-11,,,,,3689,2.65,2645,2,8,134,1296,Low Activity
4020332650,2016-05-12,,,,,590,0.42,1120,0,0,21,721,Sedentary
3977333714,2016-04-12,,274,469,195,8856,5.98,1450,44,19,131,777,Ideal Activity
3977333714,2016-04-13,,295,456,161,10035,6.71,1495,31,46,153,754,High Activity
3977333714,2016-04-14,,291,397,106,7641,5.11,1433,5,23,214,801,Ideal Activity
3977333714,2016-04-15,,424,556,132,9010,6.06,1468,15,42,183,644,High Activity
3977333714,2016-04-16,,283,510,227,13459,9.0,1625,31,83,153,663,Extremely High Activity
3977333714,2016-04-17,,381,566,185,10415,6.97,1529,11,58,205,600,High Activity
3977333714,2016-04-18,,412,522,110,11663,7.8,1584,4,95,214,605,High Activity
3977333714,2016-04-19,,219,395,176,12414,8.78,1638,19,67,221,738,Extremely High Activity
3977333714,2016-04-20,,152,305,153,11658,7.83,1554,2,98,164,845,High Activity
3977333714,2016-04-21,,332,512,180,6093,4.08,1397,0,0,242,712,Moderate Activity
3977333714,2016-04-22,,355,476,121,8911,5.96,1481,33,12,188,731,Ideal Activity
3977333714,2016-04-23,,235,372,137,12058,8.07,1638,0,92,252,724,Extremely High Activity
3977333714,2016-04-24,,310,526,216,14112,10.0,1655,30,95,129,660,Extremely High Activity
3977333714,2016-04-25,,262,467,205,11177,8.48,1570,50,9,133,781,High Activity
3977333714,2016-04-26,,250,371,121,11388,7.62,1551,7,95,170,797,High Activity
3977333714,2016-04-27,,349,540,191,7193,5.04,1377,0,10,176,714,Ideal Activity
3977333714,2016-04-28,,261,423,162,7114,4.88,1407,15,8,190,804,Ideal Activity
3977333714,2016-04-29,,333,478,145,10645,7.75,1545,36,32,150,744,High Activity
3977333714,2016-04-30,,237,382,145,13238,9.2,1650,43,52,194,687,Extremely High Activity
3977333714,2016-05-01,,383,626,243,10414,7.07,1501,41,40,124,691,High Activity
3977333714,2016-05-02,,230,384,154,16520,11.05,1760,24,143,176,713,Extremely High Activity
3977333714,2016-05-03,,292,500,208,14335,9.59,1710,47,41,258,594,Extremely High Activity
3977333714,2016-05-04,,213,336,123,13559,9.44,1628,14,96,142,852,Extremely High Activity
3977333714,2016-05-05,,318,480,162,12312,8.58,1618,14,88,178,680,Extremely High Activity
3977333714,2016-05-06,,323,512,189,11677,8.28,1590,29,55,168,676,High Activity
3977333714,2016-05-07,,237,443,206,11550,7.73,1574,0,86,208,703,High Activity
3977333714,2016-05-08,,259,456,197,13585,9.09,1633,9,116,171,688,Extremely High Activity
3977333714,2016-05-09,,,,,14687,10.08,1667,8,122,151,1159,Extremely High Activity
3977333714,2016-05-10,,312,452,140,13072,8.78,1630,1,115,196,676,Extremely High Activity
3977333714,2016-05-11,,,,,746,0.5,52,4,0,9,13,Sedentary
3372868164,2016-04-12,,,,,4747,3.24,1788,0,0,280,1160,Low Activity
3372868164,2016-04-13,,,,,9715,6.63,2093,16,8,371,1045,High Activity
3372868164,2016-04-14,,,,,8844,6.03,2065,6,25,370,1039,Ideal Activity
3372868164,2016-04-15,,,,,7451,5.08,1908,0,0,335,1105,Ideal Activity
3372868164,2016-04-16,,,,,6905,4.73,1908,0,0,356,1084,Moderate Activity
3372868164,2016-04-17,,,,,8199,5.88,1964,11,2,322,1105,Ideal Activity
3372868164,2016-04-18,,,,,6798,4.64,2014,20,7,343,1070,Moderate Activity
3372868164,2016-04-19,,,,,7711,5.26,1985,0,0,376,1064,Ideal Activity
3372868164,2016-04-20,,,,,4880,3.33,1867,15,3,274,1148,Low Activity
3372868164,2016-04-21,,,,,8857,6.07,2124,18,9,376,1037,Ideal Activity
3372868164,2016-04-22,,,,,3843,2.62,1669,0,0,206,1234,Low Activity
3372868164,2016-04-23,,,,,7396,5.07,1995,20,2,303,1115,Ideal Activity
3372868164,2016-04-24,,,,,6731,4.59,1921,14,7,292,1127,Moderate Activity
3372868164,2016-04-25,,,,,5995,4.09,2010,0,0,416,1024,Moderate Activity
3372868164,2016-04-26,,,,,8283,5.79,2057,22,2,333,1083,Ideal Activity
3372868164,2016-04-27,,,,,7904,5.42,2095,24,13,346,1057,Ideal Activity
3372868164,2016-04-28,,,,,5512,3.76,1972,0,0,385,1055,Moderate Activity
3372868164,2016-04-29,,,,,9135,6.23,2044,0,0,402,1038,High Activity
3372868164,2016-04-30,,,,,5250,3.58,1946,17,4,300,1119,Moderate Activity
3372868164,2016-05-01,,,,,3077,2.1,1237,0,0,172,842,Low Activity
2873212765,2016-04-12,,,,,8796,5.91,1982,2,21,356,1061,Ideal Activity
2873212765,2016-04-13,,,,,7618,5.12,2004,0,8,404,1028,Ideal Activity
2873212765,2016-04-14,,,,,7910,5.32,1893,0,0,331,1109,Ideal Activity
2873212765,2016-04-15,,,,,8482,5.7,2063,0,0,448,992,Ideal Activity
2873212765,2016-04-16,,,,,9685,6.65,2148,47,1,305,1087,High Activity
2873212765,2016-04-17,,,,,2524,1.7,1529,0,8,160,1272,Extremely Low Activity
2873212765,2016-04-18,,,,,7762,5.24,1890,1,6,311,1122,Ideal Activity
2873212765,2016-04-19,,,,,7948,5.37,1956,0,0,389,1051,Ideal Activity
2873212765,2016-04-20,,,,,9202,6.3,2094,22,5,378,1035,High Activity
2873212765,2016-04-21,56.7,,,,8859,5.98,1970,2,10,371,1057,Ideal Activity
2873212765,2016-04-22,,,,,7286,4.9,2241,46,0,366,1028,Ideal Activity
2873212765,2016-04-23,,,,,9317,6.35,2021,28,5,330,1077,High Activity
2873212765,2016-04-24,,,,,6873,4.68,1898,46,1,190,1203,Moderate Activity
2873212765,2016-04-25,,,,,7373,4.95,1907,0,0,359,1081,Ideal Activity
2873212765,2016-04-26,,,,,8242,5.54,1882,2,5,309,1124,Ideal Activity
2873212765,2016-04-27,,,,,3516,2.36,1966,46,0,197,1197,Low Activity
2873212765,2016-04-28,,,,,7913,5.41,1835,28,7,213,1192,Ideal Activity
2873212765,2016-04-29,,,,,7365,4.95,1780,20,23,206,1191,Ideal Activity
2873212765,2016-04-30,,,,,8452,5.68,1830,5,20,248,1167,Ideal Activity
2873212765,2016-05-01,,,,,7399,4.97,1739,7,18,196,1219,Ideal Activity
2873212765,2016-05-02,,,,,7525,5.06,1878,0,7,334,1099,Ideal Activity
2873212765,2016-05-03,,,,,7412,4.98,1906,1,6,363,1070,Ideal Activity
2873212765,2016-05-04,,,,,8278,5.56,2015,0,0,420,1020,Ideal Activity
2873212765,2016-05-05,,,,,8314,5.61,1971,13,23,311,1093,Ideal Activity
2873212765,2016-05-06,,,,,7063,4.75,1910,0,5,370,1065,Ideal Activity
2873212765,2016-05-07,,,,,4940,3.38,1897,75,11,52,1302,Low Activity
2873212765,2016-05-08,,,,,8168,5.54,2096,46,0,326,1068,Ideal Activity
2873212765,2016-05-09,,,,,7726,5.19,1906,0,0,345,1095,Ideal Activity
2873212765,2016-05-10,,,,,8275,5.56,1962,0,0,373,1067,Ideal Activity
2873212765,2016-05-11,,,,,6440,4.33,1826,0,0,319,1121,Moderate Activity
2873212765,2016-05-12,57.3,,,,7566,5.11,1431,0,0,268,720,Ideal Activity
2347167796,2016-04-12,,,,,10113,6.83,2344,28,13,320,964,High Activity
2347167796,2016-04-13,,467,531,64,10352,7.01,2038,19,32,195,676,High Activity
2347167796,2016-04-14,,445,489,44,10129,6.7,2010,1,48,206,705,High Activity
2347167796,2016-04-15,,452,504,52,10465,6.92,2133,1,24,284,720,High Activity
2347167796,2016-04-16,,,,,22244,15.08,2670,66,72,268,968,Extremely High Activity
2347167796,2016-04-17,,556,602,46,5472,3.62,1882,1,7,249,508,Moderate Activity
2347167796,2016-04-18,,500,557,57,8247,5.45,1944,11,16,206,678,Ideal Activity
2347167796,2016-04-19,,465,514,49,6711,4.44,2346,0,7,382,648,Moderate Activity
2347167796,2016-04-20,,,,,10999,7.27,2198,11,43,269,1011,High Activity
2347167796,2016-04-21,,460,484,24,10080,6.75,2048,23,26,208,761,High Activity
2347167796,2016-04-22,,405,461,56,7804,5.16,1946,9,27,206,781,Ideal Activity
2347167796,2016-04-23,,374,386,12,16901,11.37,2629,32,35,360,591,Extremely High Activity
2347167796,2016-04-24,,442,459,17,9471,6.26,2187,0,0,360,584,High Activity
2347167796,2016-04-25,,433,471,38,9482,6.38,2095,15,11,277,653,High Activity
2347167796,2016-04-26,,436,490,54,5980,3.95,1861,0,0,227,732,Moderate Activity
2347167796,2016-04-27,,448,499,51,11423,7.58,2194,26,9,295,623,High Activity
2347167796,2016-04-28,,408,450,42,5439,3.6,1854,0,0,229,764,Moderate Activity
2347167796,2016-04-29,,411,473,62,42,0.03,403,0,0,4,2,Sedentary
2320127002,2016-04-12,,,,,10725,7.49,2124,13,9,306,1112,High Activity
2320127002,2016-04-13,,,,,7275,4.9,2003,0,0,335,1105,Ideal Activity
2320127002,2016-04-14,,,,,3973,2.68,1696,0,0,191,1249,Low Activity
2320127002,2016-04-15,,,,,5205,3.51,1801,0,0,245,1195,Moderate Activity
2320127002,2016-04-16,,,,,5057,3.41,1724,0,0,195,1245,Moderate Activity
2320127002,2016-04-17,,,,,6198,4.18,1852,0,0,249,1191,Moderate Activity
2320127002,2016-04-18,,,,,6559,4.42,1905,0,7,260,1173,Moderate Activity
2320127002,2016-04-19,,,,,5997,4.04,1811,0,11,228,1201,Moderate Activity
2320127002,2016-04-20,,,,,7192,4.85,1922,0,11,283,1146,Ideal Activity
2320127002,2016-04-21,,,,,3404,2.29,1610,1,10,127,1302,Low Activity
2320127002,2016-04-22,,,,,5583,3.76,1851,0,0,266,1174,Moderate Activity
2320127002,2016-04-23,,61,69,8,5079,3.42,1804,0,0,242,1129,Moderate Activity
2320127002,2016-04-24,,,,,4165,2.81,1725,0,0,204,1236,Low Activity
2320127002,2016-04-25,,,,,3588,2.42,1654,3,5,152,1280,Low Activity
2320127002,2016-04-26,,,,,3409,2.3,1632,0,0,147,1293,Low Activity
2320127002,2016-04-27,,,,,1715,1.16,1481,0,0,82,1358,Extremely Low Activity
2320127002,2016-04-28,,,,,1532,1.03,1473,0,0,76,1364,Extremely Low Activity
2320127002,2016-04-29,,,,,924,0.62,1410,0,0,45,1395,Sedentary
2320127002,2016-04-30,,,,,4571,3.08,1779,0,0,234,1206,Low Activity
2320127002,2016-05-01,,,,,772,0.52,1403,0,0,40,1400,Sedentary
2320127002,2016-05-02,,,,,3634,2.45,1613,5,6,123,1306,Low Activity
2320127002,2016-05-03,,,,,7443,5.02,1878,20,10,206,1204,Ideal Activity
2320127002,2016-05-04,,,,,1201,0.81,1426,0,0,52,1388,Extremely Low Activity
2320127002,2016-05-05,,,,,5202,3.51,1780,0,11,223,1206,Moderate Activity
2320127002,2016-05-06,,,,,4878,3.29,1742,0,0,204,1236,Low Activity
2320127002,2016-05-07,,,,,7379,4.97,1972,0,0,319,1121,Ideal Activity
2320127002,2016-05-08,,,,,5161,3.48,1821,0,0,247,1193,Moderate Activity
2320127002,2016-05-09,,,,,3090,2.08,1630,0,0,145,1295,Low Activity
2320127002,2016-05-10,,,,,6227,4.2,1899,0,0,290,1150,Moderate Activity
2320127002,2016-05-11,,,,,6424,4.33,1903,0,0,300,1140,Moderate Activity
2320127002,2016-05-12,,,,,2661,1.79,1125,0,0,128,830,Extremely Low Activity
2026352035,2016-04-12,,503,546,43,4414,2.74,1459,3,8,181,706,Low Activity
2026352035,2016-04-13,,531,565,34,4993,3.1,1521,0,0,238,663,Low Activity
2026352035,2016-04-14,,545,568,23,3335,2.07,1431,0,0,197,653,Low Activity
2026352035,2016-04-15,,523,573,50,3821,2.37,1444,0,0,188,687,Low Activity
2026352035,2016-04-16,,524,567,43,2547,1.58,1373,0,0,150,728,Extremely Low Activity
2026352035,2016-04-17,,437,498,61,838,0.52,1214,0,0,60,1053,Sedentary
2026352035,2016-04-18,,,,,3325,2.06,1419,0,0,182,1062,Low Activity
2026352035,2016-04-19,,498,540,42,2424,1.5,1356,0,0,141,785,Extremely Low Activity
2026352035,2016-04-20,,461,510,49,7222,4.48,1667,0,0,327,623,Ideal Activity
2026352035,2016-04-21,,477,514,37,2467,1.53,1370,0,0,153,749,Extremely Low Activity
2026352035,2016-04-22,,520,545,25,2915,1.81,1399,0,0,162,712,Extremely Low Activity
2026352035,2016-04-23,,522,554,32,12357,7.71,1916,0,0,432,458,Extremely High Activity
2026352035,2016-04-24,,555,591,36,3490,2.16,1401,0,0,164,704,Low Activity
2026352035,2016-04-25,,506,531,25,6017,3.73,1576,0,0,260,821,Moderate Activity
2026352035,2016-04-26,,,,,5933,3.68,1595,0,0,288,1018,Moderate Activity
2026352035,2016-04-27,,508,545,37,6088,3.77,1593,0,0,286,586,Moderate Activity
2026352035,2016-04-28,,513,545,32,6375,3.95,1649,0,0,331,626,Moderate Activity
2026352035,2016-04-29,,490,510,20,7604,4.71,1692,0,0,352,492,Ideal Activity
2026352035,2016-04-30,,573,607,34,4729,2.93,1506,0,0,233,594,Low Activity
2026352035,2016-05-01,,527,546,19,3609,2.28,1447,0,0,191,716,Low Activity
2026352035,2016-05-02,,511,543,32,7018,4.35,1690,0,0,355,716,Ideal Activity
2026352035,2016-05-03,,,,,5992,3.72,1604,0,0,304,981,Moderate Activity
2026352035,2016-05-04,,538,560,22,6564,4.07,1658,0,0,345,530,Moderate Activity
2026352035,2016-05-05,,468,485,17,12167,7.54,1926,0,0,475,479,Extremely High Activity
2026352035,2016-05-06,,524,548,24,8198,5.08,1736,0,0,383,511,Ideal Activity
2026352035,2016-05-07,,511,521,10,4193,2.6,1491,0,0,229,665,Low Activity
2026352035,2016-05-08,,541,568,27,5528,3.45,1555,0,0,258,610,Moderate Activity
2026352035,2016-05-09,,531,556,25,10685,6.62,1869,0,0,401,543,High Activity
2026352035,2016-05-10,,357,380,23,254,0.16,1141,0,0,17,1002,Sedentary
2026352035,2016-05-11,,523,553,30,8580,5.32,1698,0,0,330,569,Ideal Activity
2026352035,2016-05-12,,456,485,29,8891,5.51,1364,0,0,343,330,Ideal Activity
2022484408,2016-04-12,,,,,11875,8.34,2390,42,14,227,1157,High Activity
2022484408,2016-04-13,,,,,12024,8.5,2601,43,5,292,1100,Extremely High Activity
2022484408,2016-04-14,,,,,10690,7.5,2312,32,3,257,1148,High Activity
2022484408,2016-04-15,,,,,11034,8.03,2525,27,9,282,1122,High Activity
2022484408,2016-04-16,,,,,10100,7.09,2177,41,11,151,1237,High Activity
2022484408,2016-04-17,,,,,15112,11.4,2782,28,29,331,1052,Extremely High Activity
2022484408,2016-04-18,,,,,14131,10.07,2770,48,3,311,1078,Extremely High Activity
2022484408,2016-04-19,,,,,11548,8.53,2489,31,7,250,1152,High Activity
2022484408,2016-04-20,,,,,15112,10.67,2897,48,63,276,1053,Extremely High Activity
2022484408,2016-04-21,,,,,12453,8.74,3158,104,53,255,1028,Extremely High Activity
2022484408,2016-04-22,,,,,12954,9.33,2638,52,10,273,1105,Extremely High Activity
2022484408,2016-04-23,,,,,6001,4.21,2069,0,0,249,1191,Moderate Activity
2022484408,2016-04-24,,,,,13481,10.28,2529,37,26,216,1161,Extremely High Activity
2022484408,2016-04-25,,,,,11369,8.01,2470,44,8,217,1171,High Activity
2022484408,2016-04-26,,,,,10119,7.19,2793,55,24,275,1086,High Activity
2022484408,2016-04-27,,,,,10159,7.13,2463,19,20,282,1119,High Activity
2022484408,2016-04-28,,,,,10140,7.12,2296,6,20,291,1123,High Activity
2022484408,2016-04-29,,,,,10245,7.19,2611,21,40,281,1098,High Activity
2022484408,2016-04-30,,,,,18387,12.91,2732,13,23,361,1043,Extremely High Activity
2022484408,2016-05-01,,,,,10538,7.4,2380,25,28,245,1142,High Activity
2022484408,2016-05-02,,,,,10379,7.29,2473,36,8,277,1119,High Activity
2022484408,2016-05-03,,,,,12183,8.74,2752,72,14,250,1104,Extremely High Activity
2022484408,2016-05-04,,,,,11768,8.29,2649,36,27,272,1105,High Activity
2022484408,2016-05-05,,,,,11895,8.35,2609,55,20,253,1112,High Activity
2022484408,2016-05-06,,,,,10227,7.18,2498,24,17,295,1104,High Activity
2022484408,2016-05-07,,,,,6708,4.71,1995,20,2,149,1269,Moderate Activity
2022484408,2016-05-08,,,,,3292,2.31,1848,0,0,135,1305,Low Activity
2022484408,2016-05-09,,,,,13379,9.39,2709,35,47,297,1061,Extremely High Activity
2022484408,2016-05-10,,,,,12798,8.98,2797,57,28,271,1084,Extremely High Activity
2022484408,2016-05-11,,,,,13272,9.32,2544,58,25,224,1133,Extremely High Activity
2022484408,2016-05-12,,,,,9117,6.41,1853,16,16,236,728,High Activity
1927972279,2016-04-12,,750,775,25,678,0.47,2220,0,0,55,734,Sedentary
1927972279,2016-04-13,133.5,398,422,24,356,0.25,2151,0,0,32,986,Sedentary
1927972279,2016-04-14,,,,,2163,1.5,2383,0,9,88,1292,Extremely Low Activity
1927972279,2016-04-15,,475,499,24,980,0.68,2221,0,0,51,941,Sedentary
1927972279,2016-04-16,,,,,0,0.0,2064,0,0,0,1440,Sedentary
1927972279,2016-04-17,,,,,0,0.0,2063,0,0,0,1440,Sedentary
1927972279,2016-04-18,,,,,244,0.17,2111,0,0,17,1423,Sedentary
1927972279,2016-04-19,,,,,0,0.0,2063,0,0,0,1440,Sedentary
1927972279,2016-04-20,,,,,0,0.0,2063,0,0,0,1440,Sedentary
1927972279,2016-04-21,,,,,0,0.0,2064,0,0,0,1440,Sedentary
1927972279,2016-04-22,,,,,149,0.1,2093,0,0,10,1430,Sedentary
1927972279,2016-04-23,,,,,2945,2.04,2499,0,0,145,1295,Extremely Low Activity
1927972279,2016-04-24,,,,,2090,1.45,2324,1,6,75,1358,Extremely Low Activity
1927972279,2016-04-25,,,,,152,0.11,2100,0,0,12,1303,Sedentary
1927972279,2016-04-26,,296,315,19,3761,2.6,2638,0,0,192,1058,Low Activity
1927972279,2016-04-27,,,,,0,0.0,2063,0,0,0,1440,Sedentary
1927972279,2016-04-28,,166,178,12,1675,1.16,2351,0,0,95,1167,Extremely Low Activity
1927972279,2016-04-29,,,,,0,0.0,2063,0,0,0,1440,Sedentary
1927972279,2016-04-30,,,,,0,0.0,2064,0,0,0,1440,Sedentary
1927972279,2016-05-01,,,,,2704,1.87,2411,14,1,70,1355,Extremely Low Activity
1927972279,2016-05-02,,,,,3790,2.62,2505,16,8,94,1322,Low Activity
1927972279,2016-05-03,,,,,1326,0.92,2195,10,0,17,1413,Extremely Low Activity
1927972279,2016-05-04,,,,,1786,1.24,2338,0,0,87,1353,Extremely Low Activity
1927972279,2016-05-05,,,,,0,0.0,2063,0,0,0,1440,Sedentary
1927972279,2016-05-06,,,,,2091,1.45,2383,0,0,108,1332,Extremely Low Activity
1927972279,2016-05-07,,,,,1510,1.04,2229,0,0,48,1392,Extremely Low Activity
1927972279,2016-05-08,,,,,0,0.0,2063,0,0,0,1440,Sedentary
1927972279,2016-05-09,,,,,0,0.0,2063,0,0,0,1440,Sedentary
1927972279,2016-05-10,,,,,0,0.0,2063,0,0,0,1440,Sedentary
1927972279,2016-05-11,,,,,0,0.0,2063,0,0,0,1440,Sedentary
1927972279,2016-05-12,,,,,0,0.0,1383,0,0,0,966,Sedentary
1844505072,2016-04-12,,,,,6697,4.43,2030,0,0,339,1101,Moderate Activity
1844505072,2016-04-13,,,,,4929,3.26,1860,0,0,248,1192,Low Activity
1844505072,2016-04-14,,,,,7937,5.25,2130,0,0,373,843,Ideal Activity
1844505072,2016-04-15,,644,961,317,3844,2.54,1725,0,0,176,527,Low Activity
1844505072,2016-04-16,,,,,3414,2.26,1657,0,0,147,1293,Low Activity
1844505072,2016-04-17,,,,,4525,2.99,1793,2,8,199,1231,Low Activity
1844505072,2016-04-18,,,,,4597,3.04,1814,0,12,217,1211,Low Activity
1844505072,2016-04-19,,,,,197,0.13,1366,0,0,10,1430,Sedentary
1844505072,2016-04-20,,,,,8,0.01,1349,0,0,1,1439,Sedentary
1844505072,2016-04-21,,,,,8054,5.32,2062,2,13,308,1117,Ideal Activity
1844505072,2016-04-22,,,,,5372,3.55,1827,0,0,220,1220,Moderate Activity
1844505072,2016-04-23,,,,,3570,2.36,1645,0,0,139,1301,Low Activity
1844505072,2016-04-24,,,,,0,0.0,1347,0,0,0,1440,Sedentary
1844505072,2016-04-25,,,,,0,0.0,1347,0,0,0,1440,Sedentary
1844505072,2016-04-26,,,,,0,0.0,1347,0,0,0,1440,Sedentary
1844505072,2016-04-27,,,,,4,0.0,1348,0,0,1,1439,Sedentary
1844505072,2016-04-28,,,,,6907,4.57,1992,0,0,302,1138,Moderate Activity
1844505072,2016-04-29,,,,,4920,3.25,1856,0,0,247,1082,Low Activity
1844505072,2016-04-30,,722,961,239,4014,2.67,1763,0,0,184,218,Low Activity
1844505072,2016-05-01,,590,961,371,2573,1.7,1541,0,7,75,585,Extremely Low Activity
1844505072,2016-05-02,,,,,0,0.0,1348,0,0,0,1440,Sedentary
1844505072,2016-05-03,,,,,4059,2.68,1742,0,0,184,1256,Low Activity
1844505072,2016-05-04,,,,,2080,1.37,1549,0,0,87,1353,Extremely Low Activity
1844505072,2016-05-05,,,,,2237,1.48,1589,0,0,120,1320,Extremely Low Activity
1844505072,2016-05-06,,,,,44,0.03,1351,0,0,2,1438,Sedentary
1844505072,2016-05-07,,,,,0,0.0,1347,0,0,0,1440,Sedentary
1844505072,2016-05-08,,,,,0,0.0,1347,0,0,0,1440,Sedentary
1844505072,2016-05-09,,,,,0,0.0,1347,0,0,0,1440,Sedentary
1844505072,2016-05-10,,,,,0,0.0,1347,0,0,0,1440,Sedentary
1844505072,2016-05-11,,,,,0,0.0,1347,0,0,0,1440,Sedentary
1844505072,2016-05-12,,,,,0,0.0,665,0,0,0,711,Sedentary
1644430081,2016-04-12,,,,,10694,7.77,3199,2,51,256,1131,High Activity
1644430081,2016-04-13,,,,,8001,5.82,2902,30,16,135,1259,Ideal Activity
1644430081,2016-04-14,,,,,11037,8.02,3226,5,58,252,1125,High Activity
1644430081,2016-04-15,,,,,5263,3.83,2750,3,4,170,1263,Moderate Activity
1644430081,2016-04-16,,,,,15300,11.12,3493,51,42,212,1135,Extremely High Activity
1644430081,2016-04-17,,,,,8757,6.37,3011,29,13,186,1212,Ideal Activity
1644430081,2016-04-18,,,,,7132,5.19,2806,15,33,121,1271,Ideal Activity
1644430081,2016-04-19,,,,,11256,8.18,3300,5,58,278,1099,High Activity
1644430081,2016-04-20,,,,,2436,1.77,2430,0,0,125,1315,Extremely Low Activity
1644430081,2016-04-21,,,,,1223,0.89,2140,0,0,38,1402,Extremely Low Activity
1644430081,2016-04-22,,,,,3673,2.67,2344,0,0,86,1354,Low Activity
1644430081,2016-04-23,,,,,6637,4.83,2677,0,15,160,1265,Moderate Activity
1644430081,2016-04-24,,,,,3321,2.41,2413,0,0,89,1351,Low Activity
1644430081,2016-04-25,,,,,3580,2.6,2497,8,1,94,1337,Low Activity
1644430081,2016-04-26,,,,,9919,7.21,3123,11,41,223,1165,High Activity
1644430081,2016-04-27,,,,,3032,2.2,2489,0,0,118,1322,Low Activity
1644430081,2016-04-28,,,,,9405,6.84,3108,3,53,227,1157,High Activity
1644430081,2016-04-29,,119,127,8,3176,2.31,2498,0,0,120,1193,Low Activity
1644430081,2016-04-30,,124,142,18,18213,13.24,3846,9,71,402,816,Extremely High Activity
1644430081,2016-05-01,,,,,6132,4.46,2696,3,24,146,908,Moderate Activity
1644430081,2016-05-02,,796,961,165,3758,2.73,2580,1,7,148,682,Low Activity
1644430081,2016-05-03,,,,,12850,9.34,3324,10,94,221,1115,Extremely High Activity
1644430081,2016-05-04,,,,,2309,1.68,2222,0,0,52,1388,Extremely Low Activity
1644430081,2016-05-05,,,,,4363,3.19,2463,6,12,81,1341,Low Activity
1644430081,2016-05-06,,,,,9787,7.12,3328,11,6,369,1054,High Activity
1644430081,2016-05-07,,,,,13372,9.72,3404,41,17,243,1139,Extremely High Activity
1644430081,2016-05-08,,137,154,17,6724,4.89,2987,0,0,295,991,Moderate Activity
1644430081,2016-05-09,,,,,6643,4.83,3008,32,6,303,1099,Moderate Activity
1644430081,2016-05-10,,,,,9167,6.66,2799,12,19,155,1254,High Activity
1644430081,2016-05-11,,,,,1329,0.97,1276,0,0,49,713,Extremely Low Activity
1624580081,2016-04-12,,,,,8163,5.31,1432,0,0,146,1294,Ideal Activity
1624580081,2016-04-13,,,,,7007,4.55,1411,0,0,148,1292,Ideal Activity
1624580081,2016-04-14,,,,,9107,5.92,1572,0,0,236,1204,High Activity
1624580081,2016-04-15,,,,,1510,0.98,1344,0,0,96,1344,Extremely Low Activity
1624580081,2016-04-16,,,,,5370,3.49,1463,0,0,176,1264,Moderate Activity
1624580081,2016-04-17,,,,,6175,4.06,1554,15,22,127,1276,Moderate Activity
1624580081,2016-04-18,,,,,10536,7.41,1604,17,7,202,1214,High Activity
1624580081,2016-04-19,,,,,2916,1.9,1435,0,0,141,1299,Extremely Low Activity
1624580081,2016-04-20,,,,,4974,3.23,1446,0,0,151,1289,Low Activity
1624580081,2016-04-21,,,,,6349,4.13,1467,0,0,186,1254,Moderate Activity
1624580081,2016-04-22,,,,,4026,2.62,1470,0,0,199,1241,Low Activity
1624580081,2016-04-23,,,,,8538,5.55,1562,0,0,227,1213,Ideal Activity
1624580081,2016-04-24,,,,,6076,3.95,1617,16,18,185,1221,Moderate Activity
1624580081,2016-04-25,,,,,6497,4.22,1492,0,0,202,1238,Moderate Activity
1624580081,2016-04-26,,,,,2826,1.84,1402,0,0,140,1300,Extremely Low Activity
1624580081,2016-04-27,,,,,8367,5.44,1670,17,36,154,1233,Ideal Activity
1624580081,2016-04-28,,,,,2759,1.79,1401,0,5,115,1320,Extremely Low Activity
1624580081,2016-04-29,,,,,2390,1.55,1404,0,0,150,1290,Extremely Low Activity
1624580081,2016-04-30,,,,,6474,4.3,1655,11,23,224,1182,Moderate Activity
1624580081,2016-05-01,,,,,36019,28.03,2690,186,63,171,1020,Extremely High Activity
1624580081,2016-05-02,,,,,7155,4.93,1497,7,6,166,1261,Ideal Activity
1624580081,2016-05-03,,,,,2100,1.37,1334,0,0,96,1344,Extremely Low Activity
1624580081,2016-05-04,,,,,2193,1.43,1368,0,0,118,1322,Extremely Low Activity
1624580081,2016-05-05,,,,,2470,1.61,1370,0,0,117,1323,Extremely Low Activity
1624580081,2016-05-06,,,,,1727,1.12,1341,0,0,102,1338,Extremely Low Activity
1624580081,2016-05-07,,,,,2104,1.37,1474,0,0,182,1258,Extremely Low Activity
1624580081,2016-05-08,,,,,3427,2.23,1427,0,0,152,1288,Low Activity
1624580081,2016-05-09,,,,,1732,1.13,1328,0,0,91,1349,Extremely Low Activity
1624580081,2016-05-10,,,,,2969,1.93,1393,0,0,139,1301,Extremely Low Activity
1624580081,2016-05-11,,,,,3134,2.04,1359,0,0,112,1328,Low Activity
1624580081,2016-05-12,,,,,2971,1.93,1002,0,0,107,890,Extremely Low Activity
1503960366,2016-04-12,,327,346,19,13162,8.5,1985,25,13,328,728,Extremely High Activity
1503960366,2016-04-13,,384,407,23,10735,6.97,1797,21,19,217,776,High Activity
1503960366,2016-04-14,,,,,10460,6.74,1776,30,11,181,1218,High Activity
1503960366,2016-04-15,,412,442,30,9762,6.28,1745,29,34,209,726,High Activity
1503960366,2016-04-16,,340,367,27,12669,8.16,1863,36,10,221,773,Extremely High Activity
1503960366,2016-04-17,,700,712,12,9705,6.48,1728,38,20,164,539,High Activity
1503960366,2016-04-18,,,,,13019,8.59,1921,42,16,233,1149,Extremely High Activity
1503960366,2016-04-19,,304,320,16,15506,9.88,2035,50,31,264,775,Extremely High Activity
1503960366,2016-04-20,,360,377,17,10544,6.68,1786,28,12,205,818,High Activity
1503960366,2016-04-21,,325,364,39,9819,6.34,1775,19,8,211,838,High Activity
1503960366,2016-04-22,,,,,12764,8.13,1827,66,27,130,1217,Extremely High Activity
1503960366,2016-04-23,,361,384,23,14371,9.04,1949,41,21,262,732,Extremely High Activity
1503960366,2016-04-24,,430,449,19,10039,6.41,1788,39,5,238,709,High Activity
1503960366,2016-04-25,,277,323,46,15355,9.8,2013,73,14,216,814,Extremely High Activity
1503960366,2016-04-26,,245,274,29,13755,8.79,1970,31,23,279,833,Extremely High Activity
1503960366,2016-04-27,,,,,18134,12.21,2159,78,11,243,1108,Extremely High Activity
1503960366,2016-04-28,,366,393,27,13154,8.53,1898,48,28,189,782,Extremely High Activity
1503960366,2016-04-29,,341,354,13,11181,7.15,1837,16,12,243,815,High Activity
1503960366,2016-04-30,,404,425,21,14673,9.25,1947,52,34,217,712,Extremely High Activity
1503960366,2016-05-01,,369,396,27,10602,6.81,1820,33,35,246,730,High Activity
1503960366,2016-05-02,52.6,277,309,32,14727,9.71,2004,41,15,277,798,Extremely High Activity
1503960366,2016-05-03,52.6,273,296,23,15103,9.66,1990,50,24,254,816,Extremely High Activity
1503960366,2016-05-04,,,,,11100,7.15,1819,36,22,203,1179,High Activity
1503960366,2016-05-05,,247,264,17,14070,8.9,1959,45,24,250,857,Extremely High Activity
1503960366,2016-05-06,,334,367,33,12159,8.03,1896,24,6,289,754,Extremely High Activity
1503960366,2016-05-07,,331,349,18,11992,7.71,1821,37,46,175,833,High Activity
1503960366,2016-05-08,,594,611,17,10060,6.58,1740,44,8,203,574,High Activity
1503960366,2016-05-09,,338,342,4,12022,7.72,1819,46,11,206,835,Extremely High Activity
1503960366,2016-05-10,,383,403,20,12207,7.77,1859,46,31,214,746,Extremely High Activity
1503960366,2016-05-11,,285,306,21,12770,8.13,1783,36,23,251,669,Extremely High Activity
1503960366,2016-05-12,,,,,0,0.0,0,0,0,0,1440,Sedentary